rho2,dataset,experiment,n,mean_d_A,mean_d_B,frac_closer_to_B,wilcoxon_p
0,ETTh1,main (swap dynamic),34,0.46635658,0.30755526,0.6176470588235294,0.08424431679304689
0,ETTh1,control (swap invariant),34,0.39802152,0.31459513,0.5588235294117647,0.3092015009606257
0,ETTm1,main (swap dynamic),496,0.3792667,0.45463255,0.4173387096774194,0.00015981656271455954
0,ETTm1,control (swap invariant),496,0.39773524,0.42889318,0.4939516129032258,0.1130334805783919
0,electricity,main (swap dynamic),1322,0.40075606,0.36055622,0.540090771558245,8.129787154583866e-05
0,electricity,control (swap invariant),1322,0.4128441,0.42541218,0.4962178517397882,0.6297244464035154
0,ETTh2,main (swap dynamic),39,0.43576196,0.48352844,0.38461538461538464,0.27055140661468613
0,ETTh2,control (swap invariant),39,0.47045198,0.47762626,0.5641025641025641,0.9834906762916944
0,ETTm2,main (swap dynamic),365,0.5881162,0.6161609,0.4794520547945205,0.15966892376063624
0,ETTm2,control (swap invariant),365,0.6091541,0.5999124,0.5232876712328767,0.8593281275591564
0,weather,main (swap dynamic),1236,0.67125785,0.68544364,0.4830097087378641,0.39055417187882013
0,weather,control (swap invariant),1236,0.6957251,0.67048657,0.4878640776699029,0.8600491477748122
0,exchange_rate,main (swap dynamic),42,0.67633396,0.7689448,0.40476190476190477,0.39905179274546754
0,exchange_rate,control (swap invariant),42,0.7692887,0.81679934,0.38095238095238093,0.5521575472325821
0,traffic,main (swap dynamic),7698,0.47239485,0.57429904,0.4324499870096129,2.131695429209463e-57
0,traffic,control (swap invariant),7698,0.4836895,0.546222,0.4799948038451546,7.039908693957311e-13
0,solar,main (swap dynamic),6841,0.6775131,0.88050735,0.43838620084782925,2.087564719471405e-34
0,solar,control (swap invariant),6841,0.71463376,0.8087491,0.4652828533840082,3.3645565216920443e-09
0,PEMS08,main (swap dynamic),3614,0.4390918,0.4808783,0.4485334809075816,9.241797416109083e-06
0,PEMS08,control (swap invariant),3614,0.4316981,0.45792875,0.4933591588267847,0.2463304156202738
0,AQWan,main (swap dynamic),296,0.5251459,0.4481995,0.5844594594594594,0.007168308438811647
0,AQWan,control (swap invariant),296,0.48283726,0.4802025,0.4864864864864865,0.4575029143720416
0,Wind,main (swap dynamic),408,0.58413625,0.5414944,0.5343137254901961,0.10362964487019129
0,Wind,control (swap invariant),408,0.5993782,0.507,0.5637254901960784,0.0027080018096265054
0,ZafNoo,main (swap dynamic),81,0.50467163,0.5844907,0.49382716049382713,0.5704773248149031
0,ZafNoo,control (swap invariant),81,0.47065386,0.639563,0.38271604938271603,0.003987892474315063
0,CzeLan,main (swap dynamic),242,0.4722703,0.48002154,0.47107438016528924,0.7905732024182602
0,CzeLan,control (swap invariant),242,0.50785834,0.4481347,0.5,0.3053095707884681
0,Combined,main (swap dynamic),22714,0.5384648,0.63993025,0.4508232807959849,5.043070203806495e-68
0,Combined,control (swap invariant),22714,0.55518204,0.60703164,0.48159725279563265,1.667104717302655e-16
0.001,ETTh1,main (swap dynamic),34,0.47495753,0.31908372,0.6764705882352942,0.02732317999470979
0.001,ETTh1,control (swap invariant),34,0.42085242,0.31169102,0.5882352941176471,0.0874475616728887
0.001,ETTm1,main (swap dynamic),496,0.3788484,0.46321827,0.4274193548387097,0.0002641140122058448
0.001,ETTm1,control (swap invariant),496,0.41126657,0.43382996,0.4899193548387097,0.24792016423490992
0.001,electricity,main (swap dynamic),1322,0.39622852,0.36207777,0.540090771558245,0.0005184630158190457
0.001,electricity,control (swap invariant),1322,0.41624713,0.42276877,0.4977307110438729,0.9856334088004062
0.001,ETTh2,main (swap dynamic),39,0.413425,0.4908155,0.38461538461538464,0.07980852480613976
0.001,ETTh2,control (swap invariant),39,0.46221215,0.46533674,0.5384615384615384,0.8957254780943913
0.001,ETTm2,main (swap dynamic),365,0.5916864,0.6143186,0.4821917808219178,0.3037490949313085
0.001,ETTm2,control (swap invariant),365,0.60166514,0.6009669,0.5178082191780822,0.6188492233027518
0.001,weather,main (swap dynamic),1236,0.6822021,0.68357146,0.4959546925566343,0.6930133114543633
0.001,weather,control (swap invariant),1236,0.6857512,0.67741776,0.48624595469255666,0.7498457503098025
0.001,exchange_rate,main (swap dynamic),42,0.69895697,0.85626847,0.38095238095238093,0.2477147658478316
0.001,exchange_rate,control (swap invariant),42,0.6968909,0.875881,0.40476190476190477,0.18703595655506433
0.001,traffic,main (swap dynamic),7698,0.4670173,0.5803265,0.4201091192517537,1.1682372896304768e-71
0.001,traffic,control (swap invariant),7698,0.48848435,0.5409407,0.49012730579371266,2.938270697720579e-07
0.001,solar,main (swap dynamic),6841,0.6492825,0.8379981,0.4388247332261365,7.684394452015456e-33
0.001,solar,control (swap invariant),6841,0.6907592,0.79060346,0.47200701651805294,1.4190172531024357e-09
0.001,PEMS08,main (swap dynamic),3614,0.450983,0.48412362,0.49031543995572774,0.1159579918958139
0.001,PEMS08,control (swap invariant),3614,0.43971428,0.46740142,0.5024903154399557,0.507546026803223
0.001,AQWan,main (swap dynamic),296,0.50869954,0.45427698,0.597972972972973,0.017271322960719045
0.001,AQWan,control (swap invariant),296,0.4912158,0.46005827,0.5168918918918919,0.7585666516387812
0.001,Wind,main (swap dynamic),408,0.58414423,0.5320499,0.5441176470588235,0.08011483845488838
0.001,Wind,control (swap invariant),408,0.5816623,0.5062801,0.553921568627451,0.015180551343446652
0.001,ZafNoo,main (swap dynamic),81,0.49443087,0.5758233,0.5061728395061729,0.7757579906496822
0.001,ZafNoo,control (swap invariant),81,0.47936085,0.6446648,0.3950617283950617,0.025789018330936206
0.001,CzeLan,main (swap dynamic),242,0.4795568,0.47448114,0.5,0.8894697956718701
0.001,CzeLan,control (swap invariant),242,0.49128553,0.4646156,0.512396694214876,0.4108582516345991
0.001,Combined,main (swap dynamic),22714,0.5302553,0.6298418,0.4551378004754777,2.6541507547606722e-65
0.001,Combined,control (swap invariant),22714,0.550254,0.601634,0.48877344369111564,2.989604052485631e-12
0.01,ETTh1,main (swap dynamic),34,0.48846593,0.32472026,0.7058823529411765,0.015309422393329442
0.01,ETTh1,control (swap invariant),34,0.42457175,0.3204349,0.6176470588235294,0.09763269789982587
0.01,ETTm1,main (swap dynamic),496,0.38204283,0.47616956,0.40524193548387094,2.6304072344834216e-06
0.01,ETTm1,control (swap invariant),496,0.42335725,0.43863857,0.4939516129032258,0.5062068707886767
0.01,electricity,main (swap dynamic),1322,0.40061527,0.36277634,0.5370650529500757,0.00020671435877679605
0.01,electricity,control (swap invariant),1322,0.41487157,0.42406404,0.49924357034795763,0.7461449561623146
0.01,ETTh2,main (swap dynamic),39,0.41618997,0.5156711,0.358974358974359,0.04750477915149531
0.01,ETTh2,control (swap invariant),39,0.48807234,0.46326262,0.6153846153846154,0.30211415864687297
0.01,ETTm2,main (swap dynamic),365,0.59688735,0.6567459,0.4657534246575342,0.04157320013342954
0.01,ETTm2,control (swap invariant),365,0.64494514,0.61032844,0.5342465753424658,0.5168627172250535
0.01,weather,main (swap dynamic),1236,0.7279287,0.7310082,0.48462783171521034,0.5391736212825133
0.01,weather,control (swap invariant),1236,0.73744094,0.72468346,0.5,0.9559379109584968
0.01,exchange_rate,main (swap dynamic),42,0.74812573,0.84892935,0.42857142857142855,0.4799598372487708
0.01,exchange_rate,control (swap invariant),42,0.7997521,0.92639107,0.4523809523809524,0.3921185261519895
0.01,traffic,main (swap dynamic),7698,0.4703946,0.58335835,0.4256949857105742,1.1291222504918241e-70
0.01,traffic,control (swap invariant),7698,0.48924977,0.54307824,0.48467134320602756,3.108496128166377e-10
0.01,solar,main (swap dynamic),6841,0.671257,0.84896684,0.4405788627393656,2.6876770519516415e-28
0.01,solar,control (swap invariant),6841,0.70782095,0.81453204,0.4626516591141646,3.702720662202535e-11
0.01,PEMS08,main (swap dynamic),3614,0.46178412,0.4929073,0.48450470392916434,0.0143936650103324
0.01,PEMS08,control (swap invariant),3614,0.46756268,0.4799591,0.5199225235196459,0.4845113446711805
0.01,AQWan,main (swap dynamic),296,0.5270352,0.48196545,0.5641891891891891,0.060832046393303627
0.01,AQWan,control (swap invariant),296,0.5015031,0.47808698,0.5135135135135135,0.7513478101483105
0.01,Wind,main (swap dynamic),408,0.64890915,0.58550143,0.553921568627451,0.035586705442868495
0.01,Wind,control (swap invariant),408,0.65982205,0.5477459,0.5637254901960784,0.0014352743452331004
0.01,ZafNoo,main (swap dynamic),81,0.49970397,0.61798984,0.5061728395061729,0.5265608113399826
0.01,ZafNoo,control (swap invariant),81,0.50553757,0.6446236,0.41975308641975306,0.038962367141612116
0.01,CzeLan,main (swap dynamic),242,0.5020392,0.48986143,0.49173553719008267,0.9090734720967947
0.01,CzeLan,control (swap invariant),242,0.527986,0.47346175,0.5082644628099173,0.2589941697146446
0.01,Combined,main (swap dynamic),22714,0.54441017,0.6408298,0.45482962049837106,1.8606432049386232e-64
0.01,Combined,control (swap invariant),22714,0.5660377,0.61564296,0.4885092894250242,2.3340423386758794e-12
0.1,ETTh1,main (swap dynamic),34,0.47755724,0.3338168,0.6470588235294118,0.06958918331656605
0.1,ETTh1,control (swap invariant),34,0.44408584,0.29706463,0.6470588235294118,0.054769040434621274
0.1,ETTm1,main (swap dynamic),496,0.3821281,0.47523037,0.4092741935483871,8.555066855399705e-07
0.1,ETTm1,control (swap invariant),496,0.42545205,0.4356364,0.4838709677419355,0.5098191284186013
0.1,electricity,main (swap dynamic),1322,0.4020248,0.3701493,0.5423600605143721,0.001025628549381792
0.1,electricity,control (swap invariant),1322,0.41143212,0.41750756,0.5022692889561271,0.7994366129831183
0.1,ETTh2,main (swap dynamic),39,0.43401772,0.49738222,0.4358974358974359,0.17558441741130082
0.1,ETTh2,control (swap invariant),39,0.46287796,0.48317772,0.5384615384615384,0.8306541132660641
0.1,ETTm2,main (swap dynamic),365,0.5781653,0.6472214,0.4794520547945205,0.08102299476058647
0.1,ETTm2,control (swap invariant),365,0.6292476,0.5999947,0.5561643835616439,0.44209786031369647
0.1,weather,main (swap dynamic),1236,0.738744,0.72718656,0.4967637540453074,0.9071468192871458
0.1,weather,control (swap invariant),1236,0.7430251,0.7262019,0.49029126213592233,0.9124523755642004
0.1,exchange_rate,main (swap dynamic),42,0.7543035,0.9120784,0.42857142857142855,0.30862450609993175
0.1,exchange_rate,control (swap invariant),42,0.80783814,0.9461999,0.4523809523809524,0.39905179274546754
0.1,traffic,main (swap dynamic),7698,0.4810819,0.55785125,0.45946999220576773,1.314447904803221e-32
0.1,traffic,control (swap invariant),7698,0.46603712,0.55271596,0.441153546375682,7.001596972847572e-49
0.1,solar,main (swap dynamic),6841,0.66858244,0.8164426,0.45943575500657796,4.293345263959078e-18
0.1,solar,control (swap invariant),6841,0.6870203,0.8096752,0.4480339131705891,1.8248292132996836e-17
0.1,PEMS08,main (swap dynamic),3614,0.46503022,0.4926784,0.49889319313779745,0.30341691163919327
0.1,PEMS08,control (swap invariant),3614,0.4605837,0.47501355,0.5160486995019369,0.5178373560925784
0.1,AQWan,main (swap dynamic),296,0.52092886,0.47256237,0.5709459459459459,0.04012274356223631
0.1,AQWan,control (swap invariant),296,0.5035902,0.4642603,0.5135135135135135,0.4550418493959043
0.1,Wind,main (swap dynamic),408,0.6340006,0.5735196,0.5367647058823529,0.05756882134403731
0.1,Wind,control (swap invariant),408,0.64232653,0.5343117,0.5514705882352942,0.003332241622330293
0.1,ZafNoo,main (swap dynamic),81,0.5193644,0.58881366,0.5308641975308642,0.9605710265552201
0.1,ZafNoo,control (swap invariant),81,0.5161336,0.62151885,0.4691358024691358,0.20956638773762903
0.1,CzeLan,main (swap dynamic),242,0.4838901,0.48408225,0.47107438016528924,0.6935867818297459
0.1,CzeLan,control (swap invariant),242,0.49691054,0.45132133,0.512396694214876,0.30617595762122884
0.1,Combined,main (swap dynamic),22714,0.5476698,0.6219963,0.4752135246984239,2.507514290975015e-31
0.1,Combined,control (swap invariant),22714,0.5501133,0.61542517,0.468433565202078,3.1419184408214253e-34
1,ETTh1,main (swap dynamic),34,0.47533008,0.32094732,0.5294117647058824,0.21498959220480174
1,ETTh1,control (swap invariant),34,0.45382658,0.31788862,0.5588235294117647,0.052568246610462666
1,ETTm1,main (swap dynamic),496,0.3803607,0.4678683,0.4173387096774194,5.970985257478783e-06
1,ETTm1,control (swap invariant),496,0.40199086,0.43833745,0.4657258064516129,0.050236517220458306
1,electricity,main (swap dynamic),1322,0.39287046,0.37612647,0.5211800302571861,0.0554432996273943
1,electricity,control (swap invariant),1322,0.41818315,0.4022672,0.516641452344932,0.08396761117756711
1,ETTh2,main (swap dynamic),39,0.4146089,0.478995,0.4358974358974359,0.20406957184968633
1,ETTh2,control (swap invariant),39,0.4520056,0.4534118,0.5128205128205128,0.8848204766291019
1,ETTm2,main (swap dynamic),365,0.60257345,0.6099866,0.5150684931506849,0.662829946770032
1,ETTm2,control (swap invariant),365,0.62078923,0.60520154,0.5232876712328767,0.8632236739671002
1,weather,main (swap dynamic),1236,0.7008867,0.7081022,0.49029126213592233,0.5856792481526403
1,weather,control (swap invariant),1236,0.6990883,0.70273095,0.4878640776699029,0.6032220387519385
1,exchange_rate,main (swap dynamic),42,0.7257253,0.8337168,0.42857142857142855,0.4347860694879273
1,exchange_rate,control (swap invariant),42,0.71312284,0.8340151,0.40476190476190477,0.4131330389013783
1,traffic,main (swap dynamic),7698,0.4653182,0.55617785,0.4203689269940244,6.381997018548813e-72
1,traffic,control (swap invariant),7698,0.47359216,0.54794425,0.4597297999480385,7.987362224603513e-33
1,solar,main (swap dynamic),6841,0.6976495,0.84429777,0.4592895775471422,1.7514438429405254e-18
1,solar,control (swap invariant),6841,0.707587,0.84159017,0.45344247916971203,1.3661661735765786e-17
1,PEMS08,main (swap dynamic),3614,0.46547762,0.5137564,0.45185390149418925,1.3774454704507474e-06
1,PEMS08,control (swap invariant),3614,0.46956348,0.49552232,0.5033204205866076,0.21248496657330862
1,AQWan,main (swap dynamic),296,0.54562324,0.48501974,0.5675675675675675,0.04786942315643842
1,AQWan,control (swap invariant),296,0.5280138,0.4855853,0.5304054054054054,0.34423098767530436
1,Wind,main (swap dynamic),408,0.6260323,0.55994666,0.5588235294117647,0.050610275580598024
1,Wind,control (swap invariant),408,0.5937727,0.5416712,0.5441176470588235,0.10825014927646176
1,ZafNoo,main (swap dynamic),81,0.50843924,0.59627026,0.49382716049382713,0.35487305663489943
1,ZafNoo,control (swap invariant),81,0.49287844,0.6147458,0.41975308641975306,0.08699575918941133
1,CzeLan,main (swap dynamic),242,0.49644813,0.48474637,0.5165289256198347,0.9769476788344905
1,CzeLan,control (swap invariant),242,0.50123626,0.4481551,0.5082644628099173,0.34450260765482243
1,Combined,main (swap dynamic),22714,0.5490978,0.631479,0.45412520912212734,6.550660677024198e-57
1,Combined,control (swap invariant),22714,0.5568806,0.6247865,0.47371665052390594,1.7523788553965484e-31
10,ETTh1,main (swap dynamic),34,0.43558946,0.3337538,0.5294117647058824,0.5206828033551574
10,ETTh1,control (swap invariant),34,0.48375815,0.2718767,0.6764705882352942,0.006501192576251924
10,ETTm1,main (swap dynamic),496,0.38469696,0.44703546,0.4375,0.0016205221755849488
10,ETTm1,control (swap invariant),496,0.40149468,0.42655152,0.43951612903225806,0.03221388672070007
10,electricity,main (swap dynamic),1322,0.38674086,0.40030143,0.5007564296520424,0.5321017985609618
10,electricity,control (swap invariant),1322,0.42086723,0.37986532,0.5408472012102874,9.431114857491249e-05
10,ETTh2,main (swap dynamic),39,0.45574167,0.48803687,0.4358974358974359,0.585392383949511
10,ETTh2,control (swap invariant),39,0.44754854,0.4828997,0.5128205128205128,0.8522410723089706
10,ETTm2,main (swap dynamic),365,0.57016474,0.64479196,0.4520547945205479,0.013773450444976217
10,ETTm2,control (swap invariant),365,0.62782824,0.58864677,0.5260273972602739,0.4684337744531234
10,weather,main (swap dynamic),1236,0.7011981,0.7049752,0.48220064724919093,0.5463836013713014
10,weather,control (swap invariant),1236,0.7222162,0.7104107,0.48624595469255666,0.9479746091453202
10,exchange_rate,main (swap dynamic),42,0.7071564,0.9093846,0.42857142857142855,0.24261792315883213
10,exchange_rate,control (swap invariant),42,0.69213116,0.9264981,0.40476190476190477,0.1828587281356704
10,traffic,main (swap dynamic),7698,0.4632628,0.55570453,0.4256949857105742,1.0245235808154334e-70
10,traffic,control (swap invariant),7698,0.46849692,0.54470825,0.4424525850870356,6.693411232018786e-50
10,solar,main (swap dynamic),6841,0.6814687,0.8138065,0.45943575500657796,3.3250950029943668e-18
10,solar,control (swap invariant),6841,0.70819783,0.81035846,0.4565122058178629,9.715063335599339e-15
10,PEMS08,main (swap dynamic),3614,0.4412852,0.4873626,0.4961261759822911,0.01261307038181344
10,PEMS08,control (swap invariant),3614,0.45860478,0.47897804,0.5293303818483674,0.8413644474874455
10,AQWan,main (swap dynamic),296,0.49259913,0.49809638,0.5168918918918919,0.9070952807078625
10,AQWan,control (swap invariant),296,0.5386542,0.450609,0.5844594594594594,0.016039277072527634
10,Wind,main (swap dynamic),408,0.6059976,0.5414962,0.5514705882352942,0.04603763031435393
10,Wind,control (swap invariant),408,0.6237683,0.5186467,0.5808823529411765,0.001006949622240359
10,ZafNoo,main (swap dynamic),81,0.5026391,0.62420034,0.43209876543209874,0.0724608506474172
10,ZafNoo,control (swap invariant),81,0.55075693,0.5959925,0.4567901234567901,0.4086313947903105
10,CzeLan,main (swap dynamic),242,0.47836837,0.44411084,0.5,0.6593752195447637
10,CzeLan,control (swap invariant),242,0.49937612,0.47500536,0.5,0.5617731908868462
10,Combined,main (swap dynamic),22714,0.5376253,0.6189573,0.45962842299903145,3.5277318896191183e-56
10,Combined,control (swap invariant),22714,0.5559736,0.60974425,0.47530157612045437,2.0460177715144013e-28
